{
  "project_info": {
    "project_number": "741064819869",
    "project_id": "fir-assistant-4cb51",
    "storage_bucket": "fir-assistant-4cb51.appspot.com"
  },
  "client": [
    {
      "client_info": {
        "mobilesdk_app_id": "1:741064819869:android:85c11ba2b0fcb0c4438074",
        "android_client_info": {
          "package_name": "com.example.firebaseassistant"
        }
      },
      "oauth_client": [
        {
          "client_id": "741064819869-l4a1cbef0k3mekd1g34iq4g6lg21hoft.apps.googleusercontent.com",
          "client_type": 3
        }
      ],
      "api_key": [
        {
          "current_key": "AIzaSyC1cOZKYTnXOXyIc2k5ZXkwOlWFpaHKcD4"
        }
      ],
      "services": {
        "appinvite_service": {
          "other_platform_oauth_client": [
            {
              "client_id": "741064819869-l4a1cbef0k3mekd1g34iq4g6lg21hoft.apps.googleusercontent.com",
              "client_type": 3
            }
          ]
        }
      }
    }
  ],
  "configuration_version": "1"
}